<?xml version="1.0" encoding="UTF-8"?>
<project-private xmlns="http://www.netbeans.org/ns/project-private/1">
    <editor-bookmarks xmlns="http://www.netbeans.org/ns/editor-bookmarks/2" lastBookmarkId="0"/>
    <open-files xmlns="http://www.netbeans.org/ns/projectui-open-files/2">
        <group>
            <file>file:/C:/Users/marin/OneDrive/Escritorio/Ing.%20Informatica/3er%20año/2º%20cuatrimestre/SMM/Prácticas/SMM_Paint-Final/SMM_Practica-Final/src/smm_practica_final/VentanaInternaImagen.java</file>
            <file>file:/C:/Users/marin/OneDrive/Escritorio/Ing.%20Informatica/3er%20año/2º%20cuatrimestre/SMM/Prácticas/SMM_Paint-Final/SMM_Practica-Final/src/smm_practica_final/VentanaPrincipal.java</file>
            <file>file:/C:/Users/marin/OneDrive/Escritorio/Ing.%20Informatica/3er%20año/2º%20cuatrimestre/SMM/Prácticas/SMM_Paint-Final/SMM_Practica-Final/src/smm_practica_final/PracticaSMM.java</file>
            <file>file:/C:/Users/marin/OneDrive/Escritorio/Ing.%20Informatica/3er%20año/2º%20cuatrimestre/SMM/Prácticas/SMM_Paint-Final/SMM_Practica-Final/src/smm_practica_final/VentanaInternaVideo.java</file>
        </group>
    </open-files>
</project-private>
