<?xml version="1.0" encoding="UTF-8"?>
<project-private xmlns="http://www.netbeans.org/ns/project-private/1">
    <editor-bookmarks xmlns="http://www.netbeans.org/ns/editor-bookmarks/2" lastBookmarkId="0"/>
    <open-files xmlns="http://www.netbeans.org/ns/projectui-open-files/2">
        <group>
            <file>file:/C:/Users/marin/OneDrive/Escritorio/Ing.%20Informatica/3er%20año/2º%20cuatrimestre/SMM/Prácticas/SMM_Paint-Final/SM.MCS.Biblioteca/src/sm/mcs/graficos/Linea2D.java</file>
            <file>file:/C:/Users/marin/OneDrive/Escritorio/Ing.%20Informatica/3er%20año/2º%20cuatrimestre/SMM/Prácticas/SMM_Paint-Final/SM.MCS.Biblioteca/src/sm/mcs/graficos/TrazoLibre2D.java</file>
            <file>file:/C:/Users/marin/OneDrive/Escritorio/Ing.%20Informatica/3er%20año/2º%20cuatrimestre/SMM/Prácticas/SMM_Paint-Final/SM.MCS.Biblioteca/src/sm/mcs/imagen/RojoOp.java</file>
            <file>file:/C:/Users/marin/OneDrive/Escritorio/Ing.%20Informatica/3er%20año/2º%20cuatrimestre/SMM/Prácticas/SMM_Paint-Final/SM.MCS.Biblioteca/src/sm/mcs/graficos/Smile2D.java</file>
            <file>file:/C:/Users/marin/OneDrive/Escritorio/Ing.%20Informatica/3er%20año/2º%20cuatrimestre/SMM/Prácticas/SMM_Paint-Final/SM.MCS.Biblioteca/src/sm/mcs/graficos/Elipse2D.java</file>
            <file>file:/C:/Users/marin/OneDrive/Escritorio/Ing.%20Informatica/3er%20año/2º%20cuatrimestre/SMM/Prácticas/SMM_Paint-Final/SM.MCS.Biblioteca/src/sm/mcs/eventos/LienzoListener.java</file>
            <file>file:/C:/Users/marin/OneDrive/Escritorio/Ing.%20Informatica/3er%20año/2º%20cuatrimestre/SMM/Prácticas/SMM_Paint-Final/SM.MCS.Biblioteca/src/sm/mcs/imagen/MiOperador.java</file>
            <file>file:/C:/Users/marin/OneDrive/Escritorio/Ing.%20Informatica/3er%20año/2º%20cuatrimestre/SMM/Prácticas/SMM_Paint-Final/SM.MCS.Biblioteca/src/sm/mcs/eventos/LienzoEvent.java</file>
            <file>file:/C:/Users/marin/OneDrive/Escritorio/Ing.%20Informatica/3er%20año/2º%20cuatrimestre/SMM/Prácticas/SMM_Paint-Final/SM.MCS.Biblioteca/src/sm/mcs/imagen/VariarTonosOp.java</file>
            <file>file:/C:/Users/marin/OneDrive/Escritorio/Ing.%20Informatica/3er%20año/2º%20cuatrimestre/SMM/Prácticas/SMM_Paint-Final/SM.MCS.Biblioteca/src/sm/mcs/graficos/Rectangulo2D.java</file>
            <file>file:/C:/Users/marin/OneDrive/Escritorio/Ing.%20Informatica/3er%20año/2º%20cuatrimestre/SMM/Prácticas/SMM_Paint-Final/SM.MCS.Biblioteca/src/sm/mcs/iu/Lienzo2D.java</file>
            <file>file:/C:/Users/marin/OneDrive/Escritorio/Ing.%20Informatica/3er%20año/2º%20cuatrimestre/SMM/Prácticas/SMM_Paint-Final/SM.MCS.Biblioteca/src/sm/mcs/eventos/LienzoAdapter.java</file>
            <file>file:/C:/Users/marin/OneDrive/Escritorio/Ing.%20Informatica/3er%20año/2º%20cuatrimestre/SMM/Prácticas/SMM_Paint-Final/SM.MCS.Biblioteca/src/sm/mcs/imagen/PosterizarOp.java</file>
            <file>file:/C:/Users/marin/OneDrive/Escritorio/Ing.%20Informatica/3er%20año/2º%20cuatrimestre/SMM/Prácticas/SMM_Paint-Final/SM.MCS.Biblioteca/src/sm/mcs/graficos/Forma2D.java</file>
            <file>file:/C:/Users/marin/OneDrive/Escritorio/Ing.%20Informatica/3er%20año/2º%20cuatrimestre/SMM/Prácticas/SMM_Paint-Final/SM.MCS.Biblioteca/src/sm/mcs/graficos/Curva2D.java</file>
        </group>
    </open-files>
</project-private>
